[
  {
    "url": "https://chatgpt.com/c/6879a2d6-728c-8012-8df3-e2a4a7cd549c",
    "title": "ChatGPT",
    "content": "ChatGPT Skip to content ChatGPT Log in Sign up for free Attach Search Voice By messaging ChatGPT, you agree to our Terms and have read our Privacy Policy .",
    "extractedData": {
      "meta": {
        "viewport": "width=device-width, initial-scale=1",
        "description": "ChatGPT helps you get answers, find inspiration and be more productive. It is free to use and easy to try. Just ask and ChatGPT can help with writing, learning, brainstorming and more.",
        "keyword": "ai chat,ai,chap gpt,chat gbt,chat gpt 3,chat gpt login,chat gpt website,chat gpt,chat gtp,chat openai,chat,chatai,chatbot gpt,chatg,chatgpt login,chatgpt,gpt chat,open ai,openai chat,openai chatgpt,openai",
        "robots": "index, follow",
        "apple-itunes-app": "app-id=6448311069",
        "dd-trace-id": "14612088244838979300",
        "dd-trace-time": "1752810411905"
      },
      "images": [],
      "links": [
        "#main",
        "https://openai.com/terms",
        "https://openai.com/privacy"
      ]
    }
  }
]